,count,unique,top,freq,mean,std,min,25%,50%,75%,max
gads,150.0,,,,2022.5,1.7135465008975552,2020.0,2021.0,2022.5,2024.0,2025.0
regions,150,5,Rīga,30,,,,,,,
kategorija,150,5,Izglītība,30,,,,,,,
izdevumi_milj_eur,150.0,,,,48.7852,17.09913074127988,16.02,35.6725,48.95,60.442499999999995,94.82
projektu_skaits,150.0,,,,8.066666666666666,3.142406777923863,2.0,6.0,8.0,10.0,16.0
iedzivotaju_apmierinatiba,150.0,,,,72.53533333333334,6.730718288569912,56.2,67.325,72.1,77.275,87.7
pakalpojuma_lietotaji,150.0,,,,43824.573333333334,15914.491051474815,11022.0,32325.25,44037.0,52782.5,88660.0
